<?xml version="1.0"?>
<!--<!DOCTYPE metadata SYSTEM "http://www.esri.com/metadata/esriprof80.dtd">-->
<metadata xml:lang="en"><Esri><CreaDate>20060501</CreaDate><CreaTime>18185300</CreaTime><SyncOnce>FALSE</SyncOnce><DataProperties><lineage><Process Name="Project_1" ToolSource="C:\Program Files\ArcGIS\ArcToolbox\Toolboxes\Data Management Tools.tbx\Project" Date="20050715" Time="130027">Project merge1 N:\esd\listing\vp_speciesCH_2005\vp_census\million779\merge1_u83.shp PROJCS['NAD_1983_UTM_Zone_10N',GEOGCS['GCS_North_American_1983',DATUM['D_North_American_1983',SPHEROID['GRS_1980',6378137.0,298.257222101]],PRIMEM['Greenwich',0.0],UNIT['Degree',0.0174532925199433]],PROJECTION['Transverse_Mercator'],PARAMETER['False_Easting',500000.0],PARAMETER['False_Northing',0.0],PARAMETER['Central_Meridian',-123.0],PARAMETER['Scale_Factor',0.9996],PARAMETER['Latitude_Of_Origin',0.0],UNIT['Meter',1.0]] NAD_1927_To_NAD_1983_NADCON</Process><Process Name="Dissolve_1" ToolSource="C:\Program Files\ArcGIS\ArcToolbox\Toolboxes\Data Management Tools.tbx\Dissolve" Date="20050720" Time="112254">Dissolve tractA_u83 N:\esd\listing\vp_speciesCH_2005\vp_census\Tract_A_779million\tracta_dis_co_tract.shp COUNTY;TRACT # MULTI_PART</Process><Process Name="Identity_2" ToolSource="C:\Program Files\ArcGIS\ArcToolbox\Toolboxes\Analysis Tools.tbx\Identity" Date="20050720" Time="112539">Identity tracta_dis_co_tract "Vernal Pool fCH" N:\esd\listing\vp_speciesCH_2005\vp_census\Tract_A_779million\tracta_dis_co_tr_id.shp ALL # NO_RELATIONSHIPS</Process><Process Name="Dissolve_5" ToolSource="C:\Program Files\ArcGIS\ArcToolbox\Toolboxes\Data Management Tools.tbx\Dissolve" Date="20050729" Time="080920">Dissolve tractsto_include n:\esd\listing\vp_speciesch_2005\semi_final\tractsto_include_Dissolve.shp ID # MULTI_PART</Process><Process Name="Union_12" ToolSource="C:\Program Files\ArcGIS\ArcToolbox\Toolboxes\Analysis Tools.tbx\Union" Date="20050729" Time="120856">Union "vpcrithabcorrected7_29_05 '';tractsto_include_Dissolve ''" N:\esd\listing\vp_speciesCH_2005\semi_final\vpcrithabcorrected7_29_05_v2.shp ALL # GAPS</Process><Process Name="MultipartToSinglepart_13" ToolSource="C:\Program Files\ArcGIS\ArcToolbox\Toolboxes\Data Management Tools.tbx\MultipartToSinglepart" Date="20050729" Time="122008">MultipartToSinglepart vpcrithabcorrected7_29_05_v2 N:\esd\listing\vp_speciesCH_2005\semi_final\vpcrithabcorrected7_29_05_v3.shp</Process></lineage></DataProperties><SyncDate>20060501</SyncDate><SyncTime>18191300</SyncTime><ModDate>20060501</ModDate><ModTime>18191300</ModTime><MetaID>{BE4BDFDF-CBB3-4BAF-8AE6-A8C6F7E322C0}</MetaID></Esri><idinfo><native Sync="TRUE">Microsoft Windows XP Version 5.1 (Build 2600) Service Pack 2; ESRI ArcCatalog 9.1.0.722</native><descript><langdata Sync="TRUE">en</langdata><abstract>These data identify, in general, the areas where final critical habitat for vernal pool fairy shrimp (Branchinecta lynchi), a vernal pool crustacean, occur.</abstract><purpose>To provide the user with a general idea of areas where final critical habitat for vernal pool fairy shrimp (Branchinecta lynchi), a vernal pool crustacean, occur.</purpose><supplinf>Vernal pool fairy shrimp is one of the 15 vernal pool species:  Butte County meadowfoam (Limnanthes floccosa ssp. californica), Colusa grass (Neostapfia colusana), Conservancy fairy shrimp (Branchinecta conservatio), Contra Costa goldfields (Lasthenia conjugens), Greene's tuctoria (Tuctoria greenei), hairy orcutt grass (Orcuttia pilosa), Hoover's spurge (Chamaesyce hooveri), longhorn fairy shrimp (Branchinecta longiantenna), Sacramento Orcutt grass (Orcuttia viscida), San Joaquin Valley Orcutt grass (Orcuttia inaequalis), slender Orcutt grass (Orcuttia tenuis), Solano grass (Tuctoria mucronata), succulent owl's-clover (Castilleja campestris ssp. succulenta), vernal pool fairy shrimp (Branchinecta lynchi), and vernal pool tadpole shrimp (Lepidurus packardi).</supplinf></descript><citation><citeinfo><origin>U.S. Fish and Wildlife Service, 2800 Cottage Way, Room W-2605, Sacramento, CA 95825 </origin><pubdate>February 10, 2006</pubdate><title>Final Critical Habitat for Vernal Pool Fairy Shrimp (Branchinecta lynchi) - Vernal Pool Species</title><ftname Sync="TRUE">vp_vpfs_fCH_71FR7117</ftname><geoform Sync="TRUE">vector digital data</geoform><pubinfo><pubplace>Sacramento, California</pubplace></pubinfo><onlink Sync="TRUE">\\ifw8cnosfo5\reserved\Crithab\Final\vp_vpfs_fCH_71FR7117.shp</onlink><lworkcit><citeinfo><pubdate>February 10, 2006</pubdate><title>Vernal Pool Final Critical Habitat</title></citeinfo></lworkcit></citeinfo></citation><timeperd><current>publication date</current><timeinfo><sngdate><caldate>February 10, 2006</caldate></sngdate></timeinfo></timeperd><status><progress>Complete</progress><update>None planned</update></status><spdom><bounding><westbc Sync="TRUE">-122.959639</westbc><eastbc Sync="TRUE">-118.535372</eastbc><northbc Sync="TRUE">42.549586</northbc><southbc Sync="TRUE">34.554357</southbc></bounding><lboundng><leftbc Sync="TRUE">503699.999725</leftbc><rightbc Sync="TRUE">867093.374634</rightbc><bottombc Sync="TRUE">3830900.000285</bottombc><topbc Sync="TRUE">4710800.000000</topbc></lboundng></spdom><keywords><theme><themekt>REQUIRED: Reference to a formally registered thesaurus or a similar authoritative source of theme keywords.</themekt><themekey>critical</themekey><themekey>habitat</themekey><themekey>vernal pool</themekey><themekey>U.S. Fish and Wildlife Service</themekey><themekey>vernal pool fairy shrimp</themekey><themekey>Branchinecta lynchi</themekey></theme></keywords><accconst>None.</accconst><useconst>These data are intended to be used as a guide to identify the general areas where final critical habitat for vernal pool fairy shrimp (vernal pool crustacean) occur.  Specific identity of critical habitat should be obtained from the text of the designation of final critical habitat for the 15 vernal pool species, including vernal pool fairy shrimp,  published in: Federal Register, February 10, 2006, vol. 71, no. 28, pages 7117-7316.</useconst><natvform Sync="TRUE">Shapefile</natvform><ptcontac><cntinfo><cntorgp><cntorg>U.S. Fish &amp; Wildlife Service</cntorg></cntorgp><cntpos>GIS Branch Chief</cntpos><cntaddr><addrtype>mailing and physical address</addrtype><address>2800 Cottage Way, Room W-2605</address><city>Sacramento</city><state>California</state><postal>95825-1846</postal><country>Sacramento</country></cntaddr><cntvoice>916/414-6708</cntvoice><cntfax>916/414-6713</cntfax><cntemail>cheryl_hickam@fws.gov</cntemail><hours>7:30 am to 4:00 pm</hours><cntinst>email or telephone</cntinst></cntinfo></ptcontac><crossref><citeinfo><origin>U.S. Fish and Wildlife Service</origin><pubdate>February 10, 2006</pubdate><title>Final Critical Habitat for Vernal Pool Fairy Shrimp (Branchinecta lynchi) - Vernal Pool Species</title><geoform>vector digital data</geoform><pubinfo><pubplace>Sacramento, CA</pubplace></pubinfo><lworkcit><citeinfo><origin>U.S. Fish and Wildlife Service, Sacramento, CA</origin><pubdate>February 10, 2006</pubdate><title>Vernal Pool Final Critical Habitat</title></citeinfo></lworkcit></citeinfo></crossref><secinfo><secclass>Unclassified</secclass></secinfo></idinfo><dataIdInfo><envirDesc Sync="TRUE">Microsoft Windows XP Version 5.1 (Build 2600) Service Pack 2; ESRI ArcCatalog 9.1.0.722</envirDesc><dataLang><languageCode Sync="TRUE" value="en"></languageCode></dataLang><idCitation><resTitle Sync="TRUE">vp_vpfs_fCH_71FR7117</resTitle><presForm><PresFormCd Sync="TRUE" value="005"></PresFormCd></presForm></idCitation><spatRpType><SpatRepTypCd Sync="TRUE" value="001"></SpatRepTypCd></spatRpType><dataExt><geoEle><GeoBndBox esriExtentType="native"><westBL Sync="TRUE">503699.999725</westBL><eastBL Sync="TRUE">867093.374634</eastBL><northBL Sync="TRUE">4710800</northBL><southBL Sync="TRUE">3830900.000285</southBL><exTypeCode Sync="TRUE">1</exTypeCode></GeoBndBox></geoEle></dataExt><geoBox esriExtentType="decdegrees"><westBL Sync="TRUE">-122.959639</westBL><eastBL Sync="TRUE">-118.535372</eastBL><northBL Sync="TRUE">42.549586</northBL><southBL Sync="TRUE">34.554357</southBL><exTypeCode Sync="TRUE">1</exTypeCode></geoBox></dataIdInfo><metainfo><langmeta Sync="TRUE">en</langmeta><metstdn Sync="TRUE">FGDC Content Standards for Digital Geospatial Metadata</metstdn><metstdv Sync="TRUE">FGDC-STD-001-1998</metstdv><mettc Sync="TRUE">local time</mettc><metc><cntinfo><cntorgp><cntorg>U.S. Fish and Wildlife Service</cntorg></cntorgp><cntaddr><addrtype>mailing and physical address</addrtype><city>Sacramento</city><state>California</state><postal>95825-1846</postal><address>2800 Cottage Way, Room W-2605</address><country>Sacramento</country></cntaddr><cntvoice>916/414-6708</cntvoice><cntpos>GIS Branch Chief</cntpos><cntfax>916/414-6713</cntfax><cntemail>cheryl_hickam@fws.gov</cntemail><hours>7:30 am to 4:00 pm</hours><cntinst>email or telephone</cntinst></cntinfo></metc><metd Sync="TRUE">20060501</metd><metac>none
</metac><metextns><onlink Sync="TRUE">http://www.esri.com/metadata/esriprof80.html</onlink><metprof Sync="TRUE">ESRI Metadata Profile</metprof></metextns></metainfo><mdLang><languageCode Sync="TRUE" value="en"></languageCode></mdLang><mdStanName Sync="TRUE">ISO 19115 Geographic Information - Metadata</mdStanName><mdStanVer Sync="TRUE">DIS_ESRI1.0</mdStanVer><mdChar><CharSetCd Sync="TRUE" value="004"></CharSetCd></mdChar><mdHrLv><ScopeCd Sync="TRUE" value="005"></ScopeCd></mdHrLv><mdHrLvName Sync="TRUE">dataset</mdHrLvName><distinfo><stdorder><digform><digtinfo><transize Sync="TRUE">0.086</transize><dssize Sync="TRUE">0.086</dssize><formname>ArcGIS shapefile</formname><formvern>ArcGIS 9.0</formvern></digtinfo></digform><fees>none</fees><ordering>Fax or email request.  Request should include your name; your company name, address, and phone number; your email address; and the name of the shapefile.  A shapefile will be emailed to you.</ordering></stdorder><distrib><cntinfo><cntorgp><cntorg>U.S. Fish and Wildlife Service</cntorg></cntorgp><cntpos>GIS Branch Chief</cntpos><cntvoice>916/414-6708</cntvoice><cntfax>916/414-6713</cntfax><cntemail>cheryl_hickam@fws.gov</cntemail><hours>7:30 am to 4:00 pm</hours><cntinst>email or telephone</cntinst><cntaddr><addrtype>mailing and physical address</addrtype><address>2800 Cotttage Way, Room W-2605</address><city>Sacramento</city><state>California</state><postal>95825-1846</postal><country>Sacramento</country></cntaddr></cntinfo></distrib><distliab>Although these data have been processed successfully on a computer system at the U.S. Fish and Wildlife Service using the best available information, no warranty expressed or implied is made regarding the accuracy or utility of the data on any other system or for general or scientific purposes, nor shall the act of distribution constitute any such warranty.  This disclaimer applies both to individual use of the data and aggregate use with other data.  The U.S. Fish and Wildlife Service shall not be held liable for improper or incorrect use of the data described and/or contained herein.</distliab><availabl><timeinfo><rngdates><begdate>February 10, 2006</begdate><enddate>February 10, 2016</enddate></rngdates></timeinfo></availabl><resdesc Sync="TRUE">Downloadable Data</resdesc></distinfo><distInfo><distributor><distorTran><onLineSrc><orDesc Sync="TRUE">002</orDesc><linkage Sync="TRUE">file://\\ifw8cnosfo5\reserved\Crithab\Final\vp_vpfs_fCH_71FR7117.shp</linkage><protocol Sync="TRUE">Local Area Network</protocol></onLineSrc><transSize Sync="TRUE">0.086</transSize></distorTran><distorFormat><formatName Sync="TRUE">Shapefile</formatName></distorFormat></distributor></distInfo><spdoinfo><direct Sync="TRUE">Vector</direct><ptvctinf><esriterm Name="vp_vpfs_fCH_71FR7117"><efeatyp Sync="TRUE">Simple</efeatyp><efeageom Sync="TRUE">Polygon</efeageom><esritopo Sync="TRUE">FALSE</esritopo><efeacnt Sync="TRUE">83</efeacnt><spindex Sync="TRUE">TRUE</spindex><linrefer Sync="TRUE">FALSE</linrefer></esriterm><sdtsterm Name="vp_vpfs_fCH_71FR7117"><sdtstype Sync="TRUE">G-polygon</sdtstype><ptvctcnt Sync="TRUE">83</ptvctcnt></sdtsterm></ptvctinf></spdoinfo><spref><horizsys><cordsysn><geogcsn Sync="TRUE">GCS_North_American_1983</geogcsn><projcsn Sync="TRUE">NAD_1983_UTM_Zone_10N</projcsn></cordsysn><planar><planci><plance Sync="TRUE">coordinate pair</plance><plandu Sync="TRUE">meters</plandu><coordrep><absres Sync="TRUE">0.002048</absres><ordres Sync="TRUE">0.002048</ordres></coordrep></planci><gridsys><gridsysn Sync="TRUE">Universal Transverse Mercator</gridsysn><utm><utmzone Sync="TRUE">10</utmzone><transmer><sfctrmer Sync="TRUE">0.999600</sfctrmer><longcm Sync="TRUE">-123.000000</longcm><latprjo Sync="TRUE">0.000000</latprjo><feast Sync="TRUE">500000.000000</feast><fnorth Sync="TRUE">0.000000</fnorth></transmer></utm></gridsys></planar><geodetic><horizdn Sync="TRUE">North American Datum of 1983</horizdn><ellips Sync="TRUE">Geodetic Reference System 80</ellips><semiaxis Sync="TRUE">6378137.000000</semiaxis><denflat Sync="TRUE">298.257222</denflat></geodetic></horizsys></spref><refSysInfo><RefSystem><refSysID><identCode Sync="TRUE">NAD_1983_UTM_Zone_10N</identCode></refSysID></RefSystem></refSysInfo><spatRepInfo><VectSpatRep><topLvl><TopoLevCd Sync="TRUE" value="001"></TopoLevCd></topLvl><geometObjs Name="vp_vpfs_fCH_71FR7117"><geoObjTyp><GeoObjTypCd Sync="TRUE" value="001"></GeoObjTypCd></geoObjTyp><geoObjCnt Sync="TRUE">83</geoObjCnt></geometObjs></VectSpatRep></spatRepInfo><eainfo><detailed Name="vp_vpfs_fCH_71FR7117"><enttyp><enttypl Sync="TRUE">vp_vpfs_fCH_71FR7117</enttypl><enttypt Sync="TRUE">Feature Class</enttypt><enttypc Sync="TRUE">83</enttypc></enttyp><attr><attrlabl Sync="TRUE">FID</attrlabl><attalias Sync="TRUE">FID</attalias><attrtype Sync="TRUE">OID</attrtype><attwidth Sync="TRUE">4</attwidth><atprecis Sync="TRUE">0</atprecis><attscale Sync="TRUE">0</attscale><attrdef Sync="TRUE">Internal feature number.</attrdef><attrdefs Sync="TRUE">ESRI</attrdefs><attrdomv><udom Sync="TRUE">Sequential unique whole numbers that are automatically generated.</udom></attrdomv></attr><attr><attrlabl Sync="TRUE">UNIT_NUM</attrlabl><attalias Sync="TRUE">UNIT_NUM</attalias><attrtype Sync="TRUE">String</attrtype><attwidth Sync="TRUE">12</attwidth><attrdef>Critical habitat unit number</attrdef></attr><attr><attrlabl Sync="TRUE">CNAME</attrlabl><attalias Sync="TRUE">CNAME</attalias><attrtype Sync="TRUE">String</attrtype><attwidth Sync="TRUE">50</attwidth><attrdef>Common name of species</attrdef></attr><attr><attrlabl Sync="TRUE">SNAME</attrlabl><attalias Sync="TRUE">SNAME</attalias><attrtype Sync="TRUE">String</attrtype><attwidth Sync="TRUE">50</attwidth><attrdef>Scientific name of species</attrdef></attr><attr><attrlabl Sync="TRUE">UNIT_NAME</attrlabl><attalias Sync="TRUE">UNIT_NAME</attalias><attrtype Sync="TRUE">String</attrtype><attwidth Sync="TRUE">50</attwidth><attrdef>Local/geographic unit name</attrdef></attr><attr><attrlabl Sync="TRUE">SUBUNIT</attrlabl><attalias Sync="TRUE">SUBUNIT</attalias><attrtype Sync="TRUE">String</attrtype><attwidth Sync="TRUE">30</attwidth><attrdef>Critical habitat subunit</attrdef></attr><attr><attrlabl Sync="TRUE">SSP_CODE</attrlabl><attalias Sync="TRUE">SSP_CODE</attalias><attrtype Sync="TRUE">Number</attrtype><attwidth Sync="TRUE">19</attwidth><attrdef>Species code as identified in FWS ECOS</attrdef><atnumdec Sync="TRUE">5</atnumdec></attr><attr><attrlabl Sync="TRUE">ORG_CODE</attrlabl><attalias Sync="TRUE">ORG_CODE</attalias><attrtype Sync="TRUE">Number</attrtype><attwidth Sync="TRUE">19</attwidth><attrdef>U.S. Dept. of Interior organization code for Office that produced critical habitat polygons</attrdef><atnumdec Sync="TRUE">5</atnumdec></attr><attr><attrlabl Sync="TRUE">STATUS</attrlabl><attalias Sync="TRUE">STATUS</attalias><attrtype Sync="TRUE">String</attrtype><attwidth Sync="TRUE">10</attwidth><attrdomv><edom><edomv>FINAL CRITICAL HABITAT</edomv></edom><edom><edomv>PROPOSED CRITICAL HABITAT</edomv></edom><edom><edomv>EXCLUDED ESSENTIAL HABITAT</edomv></edom><edom><edomv>VACATED ESSENTIAL HABITAT</edomv></edom><edom><edomv>OUT/NOT HABITAT</edomv></edom></attrdomv><attrdef>Critical habitat status</attrdef></attr><attr><attrlabl Sync="TRUE">AREA</attrlabl><attalias Sync="TRUE">AREA</attalias><attrtype Sync="TRUE">String</attrtype><attwidth Sync="TRUE">10</attwidth><attrdef>Area of feature in meters squared</attrdef></attr><attr><attrlabl Sync="TRUE">Shape</attrlabl><attalias Sync="TRUE">Shape</attalias><attrtype Sync="TRUE">String</attrtype><attwidth Sync="TRUE">10</attwidth><attrdef Sync="TRUE">Feature geometry.</attrdef><attrdefs Sync="TRUE">ESRI</attrdefs><attrdomv><udom Sync="TRUE">Coordinates defining the features.</udom></attrdomv></attr><attr><attrlabl Sync="TRUE">PERIMETER</attrlabl><attalias Sync="TRUE">PERIMETER</attalias><attrtype Sync="TRUE">String</attrtype><attwidth Sync="TRUE">30</attwidth><attrdef>Perimeter of feature in meters</attrdef></attr></detailed></eainfo><mdDateSt Sync="TRUE">20060501</mdDateSt><dataqual><lineage><procstep><procdesc>Process Description:  We (U.S. Fish and Wildlife Service biologists) identified the critical habitat areas by using many spatial data layers derived from a variety of Federal, State, and local agencies, and from private organizations and individuals.  We identified the general vernal pool areas on which to focus our critical habitat designations based on discussions with local species experts and information in our files.  To identify where vernal pool species and habitats occur we evaluated GIS data of vernal pool habitats by Holland (1998 and 2002), and species occurrences information from the 2001 California Natural Diversity Database (CNDDB 2001), University of California Riverside species database (UCR 2000), USFWS species occurrence database 2002, and unpublished species occurrence data in our files.  We superimposed the vernal pool habitats with the species occurrence data over satellite images (Systeme Probatoire, d'Observation de la Terre [SPOT imagery], CNES/SPOT Image Corporation 1993-2000), and over 1-meter digital ortho-rectified photography in southern California (Emerge Corporation 2001).  The use of SPOT imagery allowed us to identify landmarks such as roads, cities, rivers, and urban areas.  Because of limitations of the Holland data and SPOT imagery on accurately identifying the extent of the vernal pool areas, we were required to refine the area boundaries based on additional GIS data layers.  When necessary and available we used data which included soils information from the Soil Survey Geographic (SSURGO) databases (U.S. Department of Agriculture [USDA] 1998-2001), and the California State Soil Geographic (STATSGO) databases (USDA 1994).  We used geologic and landform information developed by the California Department of Mines and Geology (CDMG, 2000) and Liss (2001).  To identify the extent of flat or gently sloping topography where vernal pools are found we evaluated Digital Elevation Models from the U.S. Geologic Survey (2000).  We also used a number of local GIS data sets for specific areas, including information developed through the Riverside Multiple Species HCP, Riverside County Flood Control (2002), and the Vernal Pools of Southern California Final Recovery Plan (Service 1998), habitat mapping for Butte County (EPA 1994), Tehama County (2001), Shasta County (2001), Placer County (Glazner 2001), Solano County (2000), Yolo County (1995), Sacramento County (1999), and San Joaquin County (2000) in California, and by the Rogue Valley Council of Governments in Oregon (Evans 2000).  Other smaller scale mapping efforts were reviewed from Solano County Farmlands and Open Space (2000) and East Bay Regional Parks District (2001).  The specific layers used and the methodology employed for each unit is described within the unit descriptions which are published in the Federal Register.  The economic re-analysis projected economic impact that would result from designating critical habitat within the proposed units. Areas of vernal pool critical habitat falling within the twenty three Census 2000 tracts identified as having the greatest economic Surplus Lost were eliminated.. Final critical habitat legal descriptions were derived directly from the ArcGIS shapefile sketch properties table, listing the x and y coordinates of each polygon representing final critical habitat.</procdesc><date Sync="TRUE">20050720</date><time Sync="TRUE">11265900</time><proccont><cntinfo><cntorgp><cntorg>U.S. Fish &amp; Wildlife Service</cntorg></cntorgp><cntpos>GIS Branch Chief</cntpos><cntaddr><addrtype>mailing and physical address</addrtype><address>2800 Cottage Way, Room W-2605</address><city>Sacramento</city><state>California</state><postal>95825-1846</postal><country>Sacramento</country></cntaddr><cntvoice>916/414-6708</cntvoice><cntfax>916/414-6713</cntfax><cntemail>cheryl_hickam@fws.gov</cntemail><hours>7:30 am to 4:00 pm</hours><cntinst>email or telephone</cntinst></cntinfo></proccont><procsv>ESRI ArcGIS 9.0</procsv></procstep><procstep><procdesc Sync="TRUE">Dataset copied.</procdesc><srcused Sync="TRUE">U:\Crithab\Final\VP\VPFS_2005</srcused><date Sync="TRUE">20060501</date><time Sync="TRUE">18185300</time></procstep></lineage></dataqual></metadata>
